"Participant","Experiment_StartDate","Experiment_Duration","Browser_Version","Mobile","Platform","Screen_Width","Screen_Height","Gender","Age","SexualOrientation","Ethnicity","Feedback_BigDifferenceRealAI","Feedback_SmallDifferenceRealAI","Feedback_NoDifferenceRealAI","Feedback_LabelsNotCorrect","Feedback_LabelsReversed","Feedback_LabelsAllPhotos","Feedback_LabelsAllAI","Feedback_ConfidenceReal","Feedback_ConfidenceFake","Experiment_Enjoyment","Experiment_Quality","Experiment_Unusual","Experiment_PerceptionChange","Experiment_Feedback","BAIT_AI_Knowledge","BAIT_AI_Use","BAIT_5_ImitatingReality","BAIT_3_VideosIssues","BAIT_12_Benefit","BAIT_9_Dangerous","BAIT_11_Exciting","BAIT_2_ImagesIssues","BAIT_13_ArtIssues","BAIT_10_Worry","BAIT_6_EnvironmentReal","BAIT_8_TextIssues","BAIT_14_ArtRealistic","BAIT_AttentionCheck","BAIT_7_TextRealistic","BAIT_1_ImagesRealistic","BAIT_4_VideosRealistic","MIST_fake_general_4","MIST_real_general_3","MIST_real_general_4","MIST_real_general_2","MIST_real_general_1","MIST_fake_general_2","MIST_fake_general_1","MIST_fake_general_3","BRS_5","BRS_1","BRS_20","BRS_10","BRS_7","BRS_8","BRS_3","BRS_2","BRS_18","BRS_19","BRS_15","BRS_14","BRS_13","BRS_Attention","BRS_12","BRS_4","BRS_17","BRS_11","BRS_6","BRS_9","BRS_16","Task_AttentionCheck"
"S120",2025-09-30 18:19:21,21.5423333333333,"chrome 140.0.0","false","Windows 10",1536,864,"Woman",20,"Bisexual","White",FALSE,TRUE,FALSE,TRUE,FALSE,FALSE,TRUE,NA,3,3,NA,NA,NA,NA,4,"A few times per month",0,5,2,5,3,4,6,4,4,5,0,6,3,5,3,65,97,70,-92,-100,22,76,91,1,3,4,2,2,4,1,2,5,3,4,2,3,1,4,3,1,2,1,1,4,1
"S063",2025-09-30 09:25:45,41.3490333333333,"firefox 143.0.0","false","Windows 10",1536,864,"Man",20,"Prefer not to say","White",FALSE,TRUE,FALSE,TRUE,TRUE,FALSE,FALSE,NA,NA,4,NA,NA,NA,"The sliders used to rate attractiveness, beauty and symmetry made it difficult/confusing to accurately express my answers at times",2,"A few times per month",0,1,4,2,4,2,5,4,4,6,0,6,3,5,6,-100,100,100,100,63,-100,31,-100,1,1,2,1,1,1,1,1,3,2,1,1,2,1,3,3,3,1,1,1,1,0.777777777777778
"S042",2025-09-29 13:24:57,23.0302,"safari 18.6.0","false","Mac OS",1180,763,"Female",20,"Bisexual","White",FALSE,TRUE,FALSE,FALSE,FALSE,FALSE,FALSE,NA,NA,NA,NA,NA,NA,NA,1,"A few times per month",2,2,1,5,1,2,6,5,3,4,2,6,3,6,6,-95,70,75,-80,-10,-75,-20,-95,1,2,5,4,3,4,3,2,4,2,4,5,2,1,3,1,1,3,3,1,3,1
"S009",2025-09-29 13:19:09,26.0599166666667,"chrome 140.0.0","false","Windows 10",1536,864,"Female",20,"Heterosexual","White",FALSE,TRUE,FALSE,FALSE,FALSE,FALSE,FALSE,NA,NA,2,NA,NA,NA,NA,2,"A few times per month",3,4,2,3,1,3,6,3,5,3,2,6,1,2,6,-89,-15,-51,-39,-27,-52,-5,-95,1,1,5,1,1,4,1,2,5,5,2,5,5,1,3,1,2,5,3,1,5,1
"S070",2025-09-30 16:09:33,26.75295,"safari 16.5.0","false","Mac OS",1470,840,"Woman",21,"Bisexual","White",FALSE,TRUE,FALSE,FALSE,FALSE,FALSE,FALSE,NA,NA,4,NA,NA,NA,NA,4,"A few times per month",2,3,5,5,5,4,6,5,3,5,0,6,4,4,5,-80,64,56,-1,77,19,24,-88,2,2,4,3,2,5,5,2,4,5,4,4,4,1,3,3,4,4,4,2,2,0.777777777777778
"S044",2025-09-29 13:25:37,22.1898666666667,"safari 26.0.0","false","Mac OS",1440,900,"Female",20,"Heterosexual","Mixed",FALSE,FALSE,TRUE,FALSE,FALSE,FALSE,FALSE,NA,NA,3,NA,NA,NA,NA,3,"Once a day",2,3,4,0,4,3,6,4,5,6,4,6,2,5,6,64,20,61,56,-47,-68,70,90,4,3,5,2,4,4,2,2,5,5,4,4,5,1,4,3,2,2,2,2,3,0.666666666666667
"S114",2025-09-30 18:18:12,19.2102833333333,"firefox 143.0.0","false","Mac OS",1366,768,"Man",20,"Homosexual","White",FALSE,FALSE,TRUE,TRUE,FALSE,FALSE,FALSE,NA,NA,3,NA,NA,NA,NA,4,"Never",1,4,0,5,1,2,4,6,3,4,0,6,4,5,5,-100,49,50,10,-19,-65,-25,-100,2,2,4,3,1,1,2,1,2,4,4,4,4,1,1,2,2,3,1,1,4,0.888888888888889
"S097",2025-09-30 16:15:30,17.7954,"chrome 140.0.0","false","Windows 10",1920,1080,"Man",19,"Heterosexual","White",FALSE,TRUE,FALSE,FALSE,FALSE,FALSE,FALSE,NA,NA,NA,NA,NA,NA,NA,3,"A few times per week",2,3,3,3,4,3,6,2,2,3,0,6,3,5,5,37,64,-56,-37,-81,28,39,100,1,1,1,1,1,4,1,1,5,5,5,1,3,1,3,1,1,3,1,1,2,0.555555555555556
"S072",2025-09-30 16:10:58,21.47755,"crios 141.0.7390","true","iOS",1376,1032,"Woman",20,"Heterosexual","White",FALSE,TRUE,FALSE,TRUE,FALSE,FALSE,TRUE,NA,4,2,NA,NA,NA,NA,2,"A few times per week",1,4,3,3,4,5,6,3,3,6,5,6,0,2,2,-29,0,-36,-45,-2,-14,5,-30,1,3,3,3,1,3,1,1,3,3,1,3,1,1,3,2,3,2,2,1,3,0.888888888888889
"S094",2025-09-30 16:15:15,27.3704166666667,"firefox 143.0.0","false","Windows 10",1536,864,"Non-binary",21,"Bisexual","White",FALSE,TRUE,FALSE,TRUE,FALSE,FALSE,FALSE,NA,NA,3,NA,NA,NA,NA,2,"Never",2,6,1,5,1,3,6,6,2,5,0,6,1,4,2,-84,81,86,69,-40,-50,40,-78,2,1,4,4,2,2,2,2,4,3,4,3,3,1,4,2,2,3,1,2,2,1
"S071",2025-09-30 16:10:50,26.28495,"chrome 140.0.0","false","Mac OS",1440,900,"Woman",22,"Homosexual","White",TRUE,TRUE,FALSE,TRUE,FALSE,FALSE,FALSE,NA,NA,3,NA,NA,NA,"I found it a bit hard to rate attractiveness and beauty of the people shown since I felt bad for them if I found them ugly/unattractive ",3,"Never",4,1,0,6,1,4,6,6,1,3,0,6,5,5,1,-22,58,52,-94,-41,-64,23,40,1,2,5,1,1,2,3,4,4,4,5,5,4,1,4,2,4,3,1,1,1,1
"S091",2025-09-30 16:15:06,16.8427,"safari 16.6.0","false","Mac OS",1710,1069,"Woman",20,"Bisexual","White",FALSE,TRUE,TRUE,TRUE,FALSE,FALSE,FALSE,NA,NA,4,NA,NA,NA,NA,2,"A few times per month",3,5,3,4,3,4,4,5,5,5,5,6,2,5,4,-30,20,46,-3,-27,-100,18,-39,5,4,3,2,4,5,5,3,1,3,3,2,4,1,1,3,1,1,5,5,3,0.555555555555556
"S066",2025-09-30 09:28:13,34.4909666666667,"chrome 138.0.0","false","Mac OS",1707,1067,"Woman",44,"Heterosexual","White",FALSE,FALSE,TRUE,FALSE,FALSE,FALSE,FALSE,NA,NA,2,NA,NA,NA,"With the identification of faces as being either AI or real, there's no way to capture the response of ""this could easily be either!"". I feel that AI has got to a point of being able to generate very real faces - so much so that unless you scrutinise an image and find a seemingly obvious 'error', it's virtually impossible to tell. Therefore my responses followed a pattern where the more unusual a face appeared to be, the more I would tend to select AI generated, because there is no option to leave the slider right in the middle for 'totally unsure'. But I'm not sure that is really the point of the experiment! ",3,"A few times per month",2,3,2,5,3,2,2,5,3,4,3,2,2,6,3,-100,100,85,100,86,34,1,-100,1,1,3,1,1,1,1,1,1,2,3,1,3,1,1,1,1,1,1,1,2,0.555555555555556
"S023",2025-09-29 13:20:23,18.564,"edge-chromium 140.0.0","false","Windows 10",1280,720,"Female",20,"Bisexual","White",FALSE,TRUE,TRUE,FALSE,FALSE,TRUE,FALSE,4,NA,3,NA,NA,NA,NA,3,"Never",3,3,2,3,1,3,5,5,3,3,1,6,3,3,3,-95,27,95,-94,30,-87,-95,-96,2,3,3,5,2,3,2,2,5,4,5,2,4,1,4,4,2,2,2,2,4,1
"S010",2025-09-29 13:19:11,19.53465,"chrome 139.0.0","false","Mac OS",1470,919,"Female",19,"Bisexual","White",TRUE,FALSE,FALSE,TRUE,FALSE,FALSE,FALSE,NA,NA,4,NA,NA,NA,NA,5,"Never",6,4,0,6,5,0,6,6,0,6,6,6,0,5,6,-90,95,96,45,-89,-76,91,-94,5,2,5,2,5,1,4,1,3,4,2,4,2,1,1,1,1,4,1,2,4,1
"S025",2025-09-29 13:20:31,22.2325833333333,"edge-chromium 140.0.0","false","Windows 10",1920,1080,"Female",19,"Bisexual","White",FALSE,FALSE,TRUE,TRUE,FALSE,FALSE,FALSE,NA,NA,3,NA,NA,NA,NA,2,"A few times per week",6,2,1,5,2,2,6,6,3,4,6,6,3,4,4,-25,28,86,39,0,-10,84,-31,4,3,4,2,3,5,2,2,3,5,5,4,2,1,2,5,2,2,3,5,4,0.555555555555556
"S079",2025-09-30 16:14:42,23.76525,"chrome 139.0.0","false","Mac OS",1470,920,"Woman",20,"Heterosexual","Prefer not to say",FALSE,FALSE,TRUE,FALSE,FALSE,FALSE,FALSE,NA,NA,3,NA,NA,NA,NA,4,"A few times per day",4,4,3,4,2,5,5,5,3,6,5,6,2,4,4,-88,-32,97,-95,89,-97,-93,-67,2,1,3,4,2,4,4,3,1,5,4,5,3,1,5,3,4,3,1,1,3,1
"S068",2025-09-30 13:54:17,18.8000666666667,"chrome 139.0.0","false","Mac OS",1440,900,"Non-binary",19,"Bisexual","White",FALSE,FALSE,TRUE,FALSE,FALSE,TRUE,FALSE,3,NA,4,NA,NA,NA,"no",2,"A few times per month",4,2,2,6,4,4,6,6,5,4,2,6,6,6,6,-61,100,100,100,-25,5,89,-49,4,1,3,3,1,4,1,3,2,4,4,4,4,1,2,3,4,3,2,1,3,0.666666666666667
"S055",2025-09-30 09:23:32,30.0033166666667,"chrome 139.0.0","false","Windows 10",1280,720,"Non-binary",19,"Bisexual","White",FALSE,TRUE,FALSE,FALSE,FALSE,FALSE,FALSE,NA,NA,NA,NA,NA,NA,NA,3,"Never",6,6,3,5,2,5,6,5,4,5,0,6,1,5,3,-68,77,58,18,-76,-45,-18,-53,2,2,5,2,1,4,2,2,3,2,4,2,5,1,4,2,4,4,1,1,4,1
"S061",2025-09-30 09:24:56,20.1235833333333,"ios-webview 605.1.15","true","iOS",979,625,"Woman",19,"Heterosexual","Black",FALSE,FALSE,TRUE,TRUE,FALSE,TRUE,FALSE,5,NA,NA,NA,NA,NA,NA,3,"A few times per week",4,4,2,6,5,4,6,6,4,3,0,3,3,3,3,25,-39,-31,25,-34,-37,29,21,2,5,5,3,5,4,5,3,5,5,3,5,5,1,5,4,5,5,5,3,5,0.666666666666667
"S050",2025-09-30 09:22:27,25.4983,"chrome 140.0.0","false","Mac OS",1470,920,"Woman",20,"Heterosexual","Southeast Asian",FALSE,TRUE,TRUE,FALSE,FALSE,FALSE,FALSE,NA,NA,NA,NA,NA,NA,NA,2,"A few times per week",4,4,2,3,3,5,6,3,4,5,1,6,2,5,4,-76,-38,60,-73,-2,-31,47,32,2,3,4,3,2,4,2,2,2,4,5,5,4,1,3,2,2,4,2,1,3,0.555555555555556
"S035",2025-09-29 13:22:43,30.6154666666667,"chrome 140.0.0","false","Windows 10",1280,720,"Male",20,"asexual","White",FALSE,FALSE,FALSE,TRUE,FALSE,TRUE,TRUE,4,2,4,NA,NA,NA,NA,3,"A few times per week",3,5,2,6,3,5,6,5,5,5,0,6,2,5,3,-83,44,40,-21,-58,-88,61,-32,2,2,4,1,1,4,4,2,3,4,2,5,4,1,2,1,3,4,1,1,2,0.555555555555556
"S015",2025-09-29 13:19:28,23.3880166666667,"safari 16.6.1","false","Mac OS",1440,900,"Female",21,"Bisexual","White",FALSE,FALSE,TRUE,FALSE,FALSE,FALSE,FALSE,NA,NA,3,NA,NA,NA,NA,0,"A few times per week",5,2,3,6,5,4,1,6,4,3,6,6,6,5,5,-95,48,48,0,-37,96,59,-95,2,5,5,4,2,4,4,4,4,5,5,5,5,1,4,2,1,4,5,2,4,0.555555555555556
"S041",2025-09-29 13:24:36,22.0957833333333,"chrome 140.0.0","false","Windows 10",1366,768,"Female",19,"Heterosexual","White",FALSE,FALSE,TRUE,FALSE,FALSE,FALSE,FALSE,NA,NA,3,NA,NA,NA,NA,3,"A few times per month",4,2,4,5,5,4,3,4,5,4,3,6,2,5,5,-16,-58,58,43,70,-80,38,-10,5,2,4,2,2,2,1,2,3,4,3,5,5,1,3,2,2,5,2,2,4,0.777777777777778
"S102",2025-09-30 16:17:10,20.36215,"safari 18.6.0","false","Mac OS",1180,751,"Woman",20,"Homosexual","White",FALSE,TRUE,FALSE,TRUE,FALSE,TRUE,FALSE,3,NA,3,NA,NA,NA,NA,4,"A few times per month",3,5,4,5,3,5,5,4,4,4,3,6,2,3,2,-53,44,60,-38,50,64,-43,64,1,3,2,2,3,3,1,1,4,4,4,4,1,3,3,1,1,1,3,3,3,0.666666666666667
"S005",2025-09-29 13:19:03,22.4733166666667,"edge-chromium 140.0.0","false","Windows 10",1536,864,"Female",30,"Bisexual","White",FALSE,TRUE,FALSE,FALSE,FALSE,FALSE,TRUE,NA,4,4,NA,NA,NA,NA,3,"Never",5,5,0,6,0,4,5,6,5,5,0,6,4,3,2,-100,79,43,100,68,-100,-100,-100,3,4,4,2,3,3,3,2,4,4,3,4,3,1,4,4,3,4,2,2,3,0.888888888888889
"S109",2025-09-30 16:24:35,31.2199666666667,"chrome 140.0.0","false","Windows 10",1280,800,"Woman",20,"Heterosexual","White",FALSE,FALSE,FALSE,FALSE,FALSE,TRUE,FALSE,2,NA,1,NA,NA,NA,NA,4,"A few times per month",4,1,2,2,4,2,5,6,5,4,0,5,3,5,4,6,-55,35,-10,23,15,100,6,1,1,4,1,1,1,2,1,3,1,3,3,2,1,2,4,2,1,1,1,3,0.666666666666667
"S052",2025-09-30 09:23:08,20.3197833333333,"chrome 136.0.0","false","Mac OS",1280,800,"Woman",19,"Heterosexual","Mixed",FALSE,TRUE,FALSE,FALSE,FALSE,TRUE,FALSE,4,NA,4,NA,NA,NA,NA,2,"A few times per week",6,4,3,6,4,4,6,6,4,5,5,6,4,6,6,-97,28,73,-98,-39,-71,29,-35,2,3,5,3,2,4,2,3,4,5,3,5,4,1,5,4,4,2,2,2,4,1
"S011",2025-09-29 13:19:15,20.8592166666667,"safari 26.0.0","false","Mac OS",1280,710,"Female",19,"Bisexual","White",FALSE,TRUE,FALSE,FALSE,FALSE,FALSE,FALSE,NA,NA,3,NA,NA,NA,NA,2,"A few times per month",3,5,3,4,3,2,4,5,6,4,3,3,5,6,6,-97,56,24,-48,-44,-26,38,-84,1,4,5,4,3,5,3,2,4,5,4,5,5,1,4,3,4,5,4,3,3,0.777777777777778
"S006",2025-09-29 13:19:05,22.32175,"chrome 136.0.0","false","Windows 10",1536,864,"Female",20,"Heterosexual","White",FALSE,FALSE,TRUE,FALSE,FALSE,TRUE,FALSE,3,NA,3,NA,NA,NA,NA,1,"A few times per month",5,5,3,6,3,2,5,6,4,6,1,6,2,5,1,-100,26,38,42,-53,-53,18,-64,2,4,5,4,4,4,3,3,5,5,5,5,4,1,5,2,1,4,4,4,4,0.555555555555556
"S045",2025-09-29 13:27:24,28.9169166666667,"edge-chromium 140.0.0","false","Windows 10",1280,720,"Female",20,"Heterosexual","Black",FALSE,FALSE,TRUE,FALSE,FALSE,FALSE,FALSE,NA,NA,3,NA,NA,NA,NA,2,"A few times per month",2,3,1,5,1,3,5,6,3,3,2,6,3,5,3,-28,43,25,40,-47,-57,25,-31,2,1,4,2,2,2,1,2,5,5,3,5,4,1,4,2,3,3,2,1,4,0.777777777777778
"S048",2025-09-30 09:18:53,42.4866333333333,"chrome 139.0.0","false","Windows 10",1920,953,"Woman",42,"Heterosexual","White",FALSE,TRUE,FALSE,TRUE,FALSE,FALSE,FALSE,NA,NA,3,NA,NA,NA,NA,2,"A few times per week",3,3,2,5,2,3,3,5,5,5,3,6,2,4,3,-100,37,100,100,100,-100,-100,-100,3,4,4,4,3,5,4,3,5,4,4,5,5,1,4,1,1,4,4,4,3,0.888888888888889
"S060",2025-09-30 09:24:49,32.9148,"chrome 139.0.0","false","Windows 10",1920,1080,"Woman",21,"Bisexual","White",FALSE,TRUE,FALSE,FALSE,FALSE,FALSE,FALSE,NA,NA,2,NA,NA,NA,NA,3,"A few times per month",5,4,2,4,3,0,5,6,2,5,0,0,2,5,6,-32,-31,60,31,43,47,-50,36,1,2,4,2,2,2,2,1,3,2,2,3,4,5,2,3,3,3,1,1,4,1
"S018",2025-09-29 13:19:30,36.3649833333333,"chrome 138.0.0","false","Chrome OS",1200,750,"Female",19,"Heterosexual","White",FALSE,FALSE,TRUE,FALSE,FALSE,TRUE,FALSE,2,NA,3,NA,NA,NA,NA,1,"A few times per week",1,5,4,4,3,1,6,4,3,3,1,6,5,6,4,-47,28,-21,-9,27,10,27,-70,2,1,5,2,2,4,1,1,1,4,4,4,3,1,3,4,2,3,3,3,4,0.888888888888889
"S062",2025-09-30 09:25:26,29.6090666666667,"chrome 139.0.0","false","Windows 10",1920,1080,"Woman",19,"Prefer not to say","Mixed",FALSE,TRUE,FALSE,FALSE,FALSE,FALSE,FALSE,NA,NA,2,NA,NA,NA,NA,2,"A few times per month",0,5,3,4,2,2,6,6,2,3,0,6,4,4,2,-15,82,93,44,23,-29,59,-29,2,1,5,2,2,3,1,2,5,5,5,4,5,1,2,2,4,5,1,1,4,0.888888888888889
"S054",2025-09-30 09:23:29,35.2835666666667,"chrome 140.0.0","false","Windows 10",1536,864,"Woman",19,"Pansexual","White",FALSE,FALSE,FALSE,TRUE,FALSE,FALSE,FALSE,NA,NA,3,NA,NA,NA,NA,3,"A few times per month",3,4,0,4,1,3,6,6,1,5,0,6,2,2,2,-30,70,75,10,20,-60,-1,-35,2,4,4,5,3,3,3,3,3,3,3,4,4,1,3,3,2,4,2,3,2,1
"S093",2025-09-30 16:15:13,20.3831166666667,"chrome 140.0.0","false","Windows 10",1366,768,"Woman",21,"Heterosexual","White",FALSE,TRUE,FALSE,FALSE,FALSE,FALSE,FALSE,NA,NA,NA,NA,NA,NA,NA,0,"A few times per month",2,3,3,4,1,3,6,4,4,5,2,6,2,4,3,-25,8,36,20,-40,-12,37,18,3,4,4,3,3,5,3,4,4,3,3,2,4,1,4,4,4,2,4,3,4,0.888888888888889
"S101",2025-09-30 16:16:15,20.14245,"safari 15.6.1","false","Mac OS",1440,900,"Woman",20,"Heterosexual","White",FALSE,TRUE,FALSE,TRUE,FALSE,FALSE,FALSE,NA,NA,3,NA,NA,NA,NA,3,"A few times per month",3,4,1,5,3,4,6,6,4,4,1,6,2,5,3,-24,-43,61,24,-71,-53,55,28,5,4,5,4,5,5,4,4,4,4,5,5,4,1,4,2,2,5,4,3,5,0.666666666666667
"S020",2025-09-29 13:20:03,17.4224166666667,"edge-chromium 140.0.0","false","Windows 10",1280,720,"Female",19,"Heterosexual","White",FALSE,TRUE,FALSE,TRUE,FALSE,FALSE,TRUE,NA,2,4,NA,NA,NA,NA,2,"A few times per month",4,2,0,3,4,4,6,3,2,4,2,5,1,2,3,-100,36,-35,19,49,-100,26,-67,2,2,4,5,3,2,4,5,3,4,1,5,3,2,5,1,1,3,4,1,5,0.555555555555556
"S103",2025-09-30 16:17:26,25.1953666666667,"edge-chromium 140.0.0","false","Windows 10",1536,864,"Woman",20,"Bisexual","White",FALSE,TRUE,FALSE,TRUE,FALSE,FALSE,FALSE,NA,NA,2,NA,NA,NA,NA,3,"Never",1,4,2,4,2,5,6,6,1,6,0,6,1,3,2,-88,75,30,50,60,-45,-27,-83,1,1,4,3,2,2,2,2,1,3,5,2,4,1,1,1,1,2,1,1,3,1
"S095",2025-09-30 16:15:22,27.07125,"crios 140.0.7339","true","iOS",1180,795,"Woman",20,"Heterosexual","Middle Eastern/North African",FALSE,FALSE,TRUE,FALSE,FALSE,FALSE,FALSE,NA,NA,2,NA,NA,NA,NA,3,"A few times per month",5,2,0,6,4,4,6,6,5,5,6,6,3,6,4,-80,28,-51,28,-82,35,12,31,1,2,5,2,1,3,1,3,3,5,5,5,4,1,2,3,4,5,1,1,5,1
"S037",2025-09-29 13:23:06,26.74155,"edge-chromium 140.0.0","false","Windows 10",1280,720,"Female",20,"Heterosexual","White",FALSE,FALSE,TRUE,FALSE,FALSE,TRUE,FALSE,2,NA,4,NA,NA,NA,NA,2,"A few times per month",2,2,2,6,4,4,4,5,5,5,2,6,3,5,4,30,56,57,-51,-46,-35,-4,30,2,2,3,3,2,2,2,2,2,2,4,3,5,1,2,2,2,4,3,2,1,0.666666666666667
"S043",2025-09-29 13:25:35,16.3963166666667,"opera 122.0.0","false","Mac OS",1440,900,"Female",20,"Bisexual","White",FALSE,TRUE,FALSE,FALSE,FALSE,FALSE,FALSE,NA,NA,3,NA,NA,NA,NA,2,"A few times per month",4,0,2,4,3,2,5,6,5,2,0,6,1,5,5,-86,-27,29,44,-54,76,13,-100,2,4,5,4,1,3,1,2,4,2,5,4,5,1,2,3,3,3,1,2,3,0.888888888888889
"S014",2025-09-29 13:19:18,22.1302166666667,"chrome 140.0.0","false","Windows 10",1280,800,"Male",20,"Heterosexual","South Asian",FALSE,FALSE,TRUE,FALSE,FALSE,FALSE,FALSE,NA,NA,4,NA,NA,NA,"no",3,"A few times per day",6,0,6,6,6,0,6,6,6,6,0,6,0,6,1,-100,100,100,100,-100,-100,100,-100,1,5,5,5,1,5,3,1,5,5,5,5,5,1,5,5,5,5,1,1,5,0.444444444444444
"S004",2025-09-29 13:18:53,22.0171166666667,"chrome 140.0.0","false","Mac OS",1470,919,"Female",19,"Heterosexual","White",FALSE,TRUE,FALSE,FALSE,FALSE,FALSE,FALSE,NA,NA,2,NA,NA,NA,NA,2,"A few times per month",5,4,3,5,3,4,6,3,2,2,2,5,5,3,3,-90,80,90,31,-71,8,-79,37,1,4,4,3,2,4,1,4,4,5,5,4,3,1,3,2,3,4,1,1,4,0.777777777777778
"S104",2025-09-30 16:17:28,21.3027833333333,"safari 15.6.1","false","Mac OS",1440,900,"Woman",20,"Heterosexual","White",FALSE,FALSE,FALSE,TRUE,FALSE,FALSE,FALSE,NA,NA,2,NA,NA,NA,NA,2,"A few times per week",6,1,3,6,1,4,5,6,5,3,1,6,6,6,6,-100,100,61,62,61,-100,-69,-100,2,5,5,5,2,5,3,2,5,5,2,5,5,3,5,1,2,5,4,2,5,0.777777777777778
"S039",2025-09-29 13:23:32,16.1152166666667,"chrome 139.0.0","false","Mac OS",1280,800,"Female",19,"Homosexual","White",FALSE,TRUE,FALSE,TRUE,FALSE,FALSE,FALSE,NA,NA,4,NA,NA,NA,NA,3,"A few times per month",4,3,3,4,4,2,4,6,3,4,3,6,4,6,4,16,46,52,95,-9,-62,46,-75,1,1,4,2,1,1,1,2,2,4,3,2,4,1,3,1,5,2,2,1,1,0.555555555555556
"S067",2025-09-30 09:32:58,29.7398,"chrome 131.0.0","false","Mac OS",1512,945,"Woman",19,"Heterosexual","Middle Eastern/North African",FALSE,TRUE,FALSE,TRUE,FALSE,FALSE,TRUE,NA,3,3,NA,NA,NA,NA,4,"A few times per day",5,5,3,6,4,5,4,5,3,3,4,6,3,6,3,68,59,37,-58,-46,-52,48,-45,3,3,4,3,3,3,2,5,2,4,4,5,4,1,4,4,4,4,4,2,3,0.666666666666667
"S064",2025-09-30 09:26:20,22.9674333333333,"chrome 135.0.0","false","Mac OS",1440,900,"Woman",19,"Heterosexual","White",FALSE,TRUE,FALSE,FALSE,FALSE,FALSE,FALSE,NA,NA,2,NA,NA,NA,NA,2,"A few times per week",4,2,2,5,2,4,6,4,2,4,2,6,2,5,5,-75,1,58,-44,2,45,-54,37,3,2,3,2,2,3,3,4,1,4,5,4,3,2,4,2,2,5,3,2,3,0.888888888888889
"S086",2025-09-30 16:14:58,27.6368833333333,"safari 26.0.0","false","Mac OS",1440,900,"Woman",19,"Heterosexual","White",FALSE,TRUE,FALSE,FALSE,FALSE,FALSE,FALSE,NA,NA,NA,NA,NA,NA,NA,4,"A few times per month",2,4,3,5,3,5,4,4,3,5,3,6,3,4,3,-42,49,75,70,-51,-22,38,71,2,2,3,3,2,3,2,3,2,4,4,4,2,1,3,3,1,3,2,1,2,0.888888888888889
"S027",2025-09-29 13:21:00,23.2386333333333,"chrome 139.0.0","false","Windows 10",1920,1080,"Female",20,"Bisexual","White",FALSE,TRUE,TRUE,FALSE,TRUE,FALSE,FALSE,NA,NA,4,NA,NA,NA,NA,4,"A few times per month",4,3,2,5,3,1,4,5,4,4,4,6,4,3,5,-89,-83,83,56,58,-96,-90,-36,3,2,4,3,2,2,3,2,2,4,5,4,4,3,4,3,1,4,3,3,4,1
"S122",2025-09-30 18:20:21,18.09615,"safari 17.2.1","false","Mac OS",1440,900,"Woman",20,"Heterosexual","White",FALSE,TRUE,FALSE,FALSE,FALSE,FALSE,FALSE,NA,NA,3,NA,NA,NA,NA,3,"A few times per month",3,4,3,4,4,3,3,4,3,3,3,3,4,3,5,4,35,6,-50,17,-100,29,-100,3,3,4,3,3,3,3,4,2,3,4,3,4,3,4,4,3,3,3,3,3,0.666666666666667
"S047",2025-09-29 22:21:56,20.4131333333333,"chrome 140.0.0","false","Mac OS",1440,900,"Woman",31,"Heterosexual","White",FALSE,FALSE,TRUE,TRUE,FALSE,FALSE,FALSE,NA,NA,4,NA,NA,NA,NA,3,"A few times per week",2,4,3,4,3,4,5,5,5,3,3,6,2,4,4,-90,79,85,59,60,-60,17,-74,2,4,5,3,4,4,4,3,4,5,2,5,5,1,5,2,5,5,3,1,4,0.888888888888889
"S113",2025-09-30 18:18:10,17.9661,"chrome 140.0.0","false","Chrome OS",1536,864,"Woman",19,"Prefer not to say","White",FALSE,TRUE,FALSE,FALSE,FALSE,TRUE,FALSE,3,NA,2,NA,NA,NA,NA,3,"A few times per month",1,3,2,3,3,3,4,4,2,3,1,6,2,3,2,-53,41,-22,-31,14,29,-29,-11,1,2,2,2,1,2,2,2,2,3,3,2,4,1,3,2,2,2,2,1,2,0.777777777777778
"S119",2025-09-30 18:19:11,20.8207166666667,"edge-chromium 139.0.0","false","Mac OS",1470,920,"Man",19,"Heterosexual","East Asian",FALSE,TRUE,FALSE,FALSE,FALSE,FALSE,FALSE,NA,NA,2,NA,NA,NA,NA,4,"A few times per week",4,4,5,3,4,2,5,1,4,3,2,3,4,4,4,-28,43,-14,-26,13,-7,23,23,4,3,4,3,3,4,3,2,4,4,4,3,4,2,5,4,2,4,3,3,3,0.777777777777778
"S085",2025-09-30 16:14:57,24.4037833333333,"chrome 123.0.0","false","Mac OS",1470,919,"Woman",20,"Heterosexual","Hispanic/Latino",FALSE,TRUE,FALSE,FALSE,FALSE,FALSE,FALSE,NA,NA,3,NA,NA,NA,NA,2,"A few times per month",4,2,6,4,3,2,6,6,6,6,2,6,2,6,5,41,100,96,14,71,-58,-13,94,1,2,5,4,2,2,2,1,4,4,1,4,4,1,2,3,3,4,2,2,4,0.777777777777778
"S111",2025-09-30 16:37:30,23.0969333333333,"edge-chromium 140.0.0","false","Windows 10",1920,1080,"Woman",19,"Heterosexual","White",FALSE,FALSE,TRUE,FALSE,FALSE,TRUE,FALSE,4,NA,4,NA,NA,NA,NA,3,"A few times per month",4,3,2,5,4,4,5,4,4,4,1,6,3,4,6,-89,-31,30,44,-36,-52,-88,51,2,3,5,4,4,2,3,2,4,2,5,5,4,1,4,2,2,1,3,1,2,1
"S059",2025-09-30 09:24:35,24.7591833333333,"edge-chromium 140.0.0","false","Windows 10",1280,720,"Non-binary",19,"Bisexual","White",FALSE,TRUE,TRUE,TRUE,TRUE,FALSE,FALSE,NA,NA,2,NA,NA,NA,NA,1,"Never",3,4,2,5,2,2,5,6,3,4,1,6,2,3,3,-79,88,59,42,13,-47,36,30,2,2,5,2,1,3,2,1,5,5,4,3,5,1,2,4,5,4,2,2,1,0.666666666666667
"S065",2025-09-30 09:26:27,20.3029333333333,"safari 18.6.0","false","Mac OS",1710,1069,"Woman",20,"Heterosexual","White",FALSE,FALSE,FALSE,TRUE,FALSE,FALSE,FALSE,NA,NA,2,NA,NA,NA,NA,2,"A few times per month",4,3,3,5,4,3,4,4,4,5,4,6,6,6,6,-87,-12,96,25,-19,36,53,-65,1,1,2,2,1,3,1,3,5,4,3,3,4,2,2,3,4,5,1,1,3,0.777777777777778
"S029",2025-09-29 13:21:07,23.1093333333333,"chrome 139.0.0","false","Windows 10",1920,1080,"Female",20,"Bisexual","White",FALSE,TRUE,FALSE,TRUE,FALSE,FALSE,FALSE,NA,NA,3,NA,NA,NA,NA,2,"Never",3,3,0,6,3,2,6,6,3,5,0,6,1,4,4,-65,26,21,13,-9,-55,19,-44,3,3,3,3,2,3,3,2,3,4,5,4,5,1,4,3,1,1,4,2,4,1
"S012",2025-09-29 13:19:15,26.6053,"chrome 140.0.0","false","Windows 10",1920,1080,"Male",19,"Heterosexual","Mixed",TRUE,FALSE,FALSE,FALSE,FALSE,FALSE,FALSE,NA,NA,4,NA,NA,NA,NA,3,"A few times per month",4,5,3,4,6,5,6,5,4,6,0,6,0,3,4,-100,100,100,-100,100,-100,100,-100,1,1,3,1,1,1,1,1,1,1,5,2,5,1,1,1,5,1,1,1,5,0.666666666666667
"S032",2025-09-29 13:22:06,21.8468166666667,"chrome 140.0.0","false","Windows 10",1280,720,"Female",19,"Heterosexual","White",FALSE,TRUE,FALSE,FALSE,FALSE,FALSE,FALSE,NA,NA,3,NA,NA,NA,NA,3,"A few times per month",2,4,3,3,3,5,6,3,2,2,3,6,3,4,3,-64,64,68,37,-64,51,59,24,3,3,4,4,2,3,3,3,3,5,4,4,5,1,5,3,3,4,2,2,2,1
"S099",2025-09-30 16:16:01,26.0105166666667,"chrome 140.0.0","false","Windows 10",1280,720,"Woman",20,"Heterosexual","White",FALSE,FALSE,TRUE,TRUE,FALSE,TRUE,FALSE,3,NA,3,NA,NA,NA,NA,4,"A few times per month",4,4,3,2,3,2,5,5,4,4,4,6,3,4,3,40,50,98,38,-57,21,26,79,2,3,2,3,3,2,2,1,4,5,5,5,4,1,3,1,3,4,2,1,4,0.888888888888889
"S117",2025-09-30 18:19:01,20.8869333333333,"chrome 139.0.0","false","Windows 10",1920,1080,"Woman",21,"Bisexual","South Asian",FALSE,FALSE,TRUE,TRUE,FALSE,TRUE,FALSE,4,NA,3,NA,NA,NA,NA,1,"A few times per month",5,1,5,5,4,3,4,5,5,5,5,4,2,6,6,-7,91,19,36,76,17,-9,28,3,3,5,1,4,4,4,2,5,4,5,5,5,4,5,4,1,4,4,5,5,0.777777777777778
"S090",2025-09-30 16:15:05,25.0091666666667,"chrome 140.0.0","false","Windows 10",1463,915,"Man",20,"Heterosexual","South Asian",FALSE,TRUE,FALSE,TRUE,FALSE,FALSE,FALSE,NA,NA,1,NA,NA,NA,"the face part almost put me to sleep",4,"Never",0,6,0,6,0,6,6,6,3,6,0,6,0,6,5,63,-30,100,-47,-59,-97,50,63,1,2,1,1,1,5,1,1,4,3,5,5,5,1,1,1,3,5,1,1,1,1
"S081",2025-09-30 16:14:47,29.7273833333333,"chrome 138.0.0","false","Windows 10",1536,864,"Woman",21,"Bisexual","White",FALSE,TRUE,FALSE,TRUE,FALSE,FALSE,TRUE,NA,4,4,NA,NA,NA,NA,0,"A few times per month",3,2,3,3,4,2,2,3,5,5,5,6,4,5,5,-10,14,50,-29,-17,15,11,18,4,3,4,4,3,5,3,5,2,5,3,5,5,5,5,4,5,4,3,3,4,0.777777777777778
"S098",2025-09-30 16:15:56,39.0629833333333,"chrome 140.0.0","false","Windows 10",1536,864,"Woman",20,"Bisexual","White",FALSE,FALSE,TRUE,TRUE,FALSE,FALSE,FALSE,NA,NA,4,NA,NA,NA,"This has been the most impactful study I have participated in since starting university. I think this research is on such an important topic and I look forward to seeing the published results. ",2,"A few times per month",1,5,4,5,6,2,5,6,4,2,0,6,4,6,2,59,63,64,23,20,81,-43,-41,3,3,4,1,3,5,4,2,5,5,4,5,5,1,5,1,4,4,1,2,5,0.777777777777778
"S017",2025-09-29 13:19:29,27.15915,"chrome 140.0.0","false","Windows 10",1536,864,"Female",20,"Heterosexual","White",FALSE,FALSE,TRUE,TRUE,FALSE,FALSE,FALSE,NA,NA,3,NA,NA,NA,NA,2,"Never",1,2,0,6,1,2,5,6,3,5,1,6,2,4,5,-70,-22,40,20,-50,50,-60,-71,1,4,2,1,1,1,1,1,4,3,2,4,3,1,3,1,1,2,1,1,2,1
"S008",2025-09-29 13:19:07,23.50185,"chrome 140.0.0","false","Windows 10",1920,1080,"Female",21,"Heterosexual","Mixed",FALSE,TRUE,FALSE,FALSE,FALSE,FALSE,TRUE,NA,3,4,NA,NA,NA,NA,3,"A few times per month",2,3,1,6,3,5,6,6,5,4,5,6,5,4,5,-44,18,5,-16,26,-28,31,21,1,3,5,2,3,4,5,3,1,5,2,5,2,1,4,1,3,5,2,3,4,0.777777777777778
"S016",2025-09-29 13:19:28,25.1458333333333,"chrome 140.0.0","false","Windows 10",1280,720,"Female",19,"Heterosexual","White",FALSE,FALSE,FALSE,TRUE,FALSE,FALSE,FALSE,NA,NA,1,NA,NA,NA,NA,3,"A few times per month",5,4,3,4,4,3,6,4,6,4,3,6,3,5,5,34,-37,-68,56,-31,24,49,-58,4,3,2,3,5,3,4,3,3,3,4,3,4,3,4,3,4,2,4,5,3,0.888888888888889
"S075",2025-09-30 16:14:37,24.842,"chrome 139.0.0","false","Windows 10",1920,1080,"Woman",20,"Heterosexual","White",FALSE,TRUE,FALSE,FALSE,FALSE,TRUE,FALSE,3,NA,3,NA,NA,NA,NA,3,"A few times per month",3,5,4,2,5,5,6,4,5,5,1,6,4,5,5,-21,-8,22,-10,-18,-18,0,-38,3,3,4,4,3,3,4,3,4,4,4,5,4,1,4,2,2,1,4,3,4,0.888888888888889
"S053",2025-09-30 09:23:11,29.41445,"chrome 140.0.0","false","Chrome OS",1410,940,"Woman",20,"Heterosexual","White",FALSE,TRUE,FALSE,TRUE,FALSE,TRUE,FALSE,1,NA,4,NA,NA,NA,NA,2,"A few times per week",4,5,2,5,0,4,5,6,4,3,2,6,3,5,4,-93,91,21,-8,48,-78,-5,-88,1,4,4,1,2,3,3,1,5,4,2,5,3,1,3,1,2,4,1,1,3,1
"S002",2025-09-29 13:14:35,48.8083833333333,"chrome 140.0.0","false","Windows 10",1920,1080,"Female",20,"Bisexual","White",FALSE,FALSE,TRUE,FALSE,FALSE,FALSE,FALSE,NA,NA,4,NA,NA,NA,NA,0,"Once a day",4,2,1,5,5,3,6,6,5,3,0,6,6,6,5,-90,90,-20,10,30,-80,50,-81,1,2,5,3,2,1,1,2,5,5,3,4,4,1,5,1,2,4,3,4,4,0.555555555555556
"S001",2025-09-29 12:57:07,26.6597333333333,"chrome 140.0.0","false","Windows 10",1422,800,"Female",100,"Heterosexual","White",TRUE,FALSE,FALSE,FALSE,FALSE,FALSE,FALSE,NA,NA,4,NA,NA,NA,"WITHDRAW ME",6,"A few times per day",6,6,6,6,6,6,6,6,6,6,6,6,6,6,6,100,100,100,100,100,100,100,100,1,1,1,1,1,1,1,1,1,1,1,1,1,1,1,1,1,1,1,1,1,0
"S110",2025-09-30 16:27:02,18.58025,"safari 18.6.0","false","Mac OS",1440,900,"Woman",20,"Heterosexual","South Asian",FALSE,TRUE,TRUE,FALSE,FALSE,TRUE,FALSE,0,NA,2,NA,NA,NA,NA,2,"A few times per week",6,2,0,5,1,0,4,6,6,5,5,6,6,6,6,16,6,45,-40,60,-45,12,-5,1,1,3,2,3,2,3,1,5,5,3,3,5,1,2,2,3,4,3,1,3,0.666666666666667
"S069",2025-09-30 15:59:25,32.2404833333333,"chrome 140.0.0","false","Windows 10",1440,900,"Woman",19,"Heterosexual","White",FALSE,TRUE,FALSE,FALSE,FALSE,FALSE,FALSE,NA,NA,3,NA,NA,NA,"no",2,"A few times per month",3,1,4,3,4,0,5,1,4,2,6,6,1,5,4,-42,5,-38,58,55,-48,45,-69,2,4,2,1,2,4,2,3,1,4,2,5,3,1,1,3,5,4,1,1,2,0.888888888888889
"S089",2025-09-30 16:15:04,24.3955166666667,"chrome 140.0.0","false","Mac OS",1470,920,"Woman",22,"Heterosexual","White",FALSE,TRUE,FALSE,FALSE,FALSE,FALSE,FALSE,NA,NA,3,NA,NA,NA,NA,2,"A few times per month",5,1,3,4,4,0,3,5,5,1,5,6,6,5,4,-100,-81,82,0,-11,48,12,-100,2,2,4,2,5,2,2,2,4,3,3,4,3,1,1,2,1,3,3,5,3,1
"S116",2025-09-30 18:18:17,19.82015,"chrome 140.0.0","false","Windows 10",1280,720,"Woman",21,"Bisexual","White",FALSE,TRUE,FALSE,FALSE,FALSE,FALSE,FALSE,NA,NA,1,NA,NA,NA,"I felt weird rating real life people's beauty and attractiveness and symmetry - it feels wrong especially because I wouldn't want people doing the same thing to me",4,"A few times per day",5,4,1,6,3,1,6,6,6,6,0,6,2,5,2,-100,29,66,44,60,-66,-60,-60,2,2,5,3,2,3,1,2,4,4,4,4,3,1,4,1,1,3,1,1,4,0.888888888888889
"S049",2025-09-30 09:22:20,30.1310666666667,"chrome 140.0.0","false","Windows 10",1280,800,"Woman",21,"Prefer not to say","Southeast Asian",FALSE,TRUE,FALSE,TRUE,FALSE,FALSE,FALSE,NA,NA,3,NA,NA,NA,"Using the scales of attractiveness, especially when doing the experiment in a public space, can be uncomfortable as you are confronted with the fact that you may have to rank real-life people and voice opinions you usually won't think to do.",2,"A few times per month",5,5,2,3,2,5,6,6,6,4,0,6,2,3,2,-25,30,-26,79,-47,34,25,55,3,4,4,4,4,4,1,2,3,5,3,4,4,1,4,3,1,1,3,2,5,0.777777777777778
"S058",2025-09-30 09:23:49,18.0423,"chrome 139.0.0","false","Mac OS",1680,1050,"Non-binary",20,"Pansexual","White",FALSE,TRUE,FALSE,TRUE,FALSE,FALSE,TRUE,NA,3,2,NA,NA,NA,NA,3,"A few times per month",5,6,1,6,1,6,6,6,0,6,0,6,0,2,0,-25,96,-56,45,75,-31,50,-73,2,3,3,1,1,1,1,1,3,1,3,2,1,1,3,2,1,1,2,1,3,1
"S106",2025-09-30 16:19:36,19.3218333333333,"chrome 139.0.0","false","Mac OS",1440,900,"Man",20,"Heterosexual","South Asian",FALSE,FALSE,TRUE,FALSE,FALSE,FALSE,FALSE,NA,NA,3,NA,NA,NA,NA,3,"A few times per day",5,2,5,5,6,2,3,6,5,5,3,6,2,6,4,-25,-18,-38,-12,-33,-100,-33,10,2,2,3,1,4,4,2,2,2,5,2,4,1,1,5,2,5,5,4,4,1,0.444444444444444
"S107",2025-09-30 16:20:27,15.8288333333333,"chrome 138.0.0","false","Mac OS",1470,919,"Woman",20,"Heterosexual","White",FALSE,FALSE,TRUE,TRUE,FALSE,TRUE,FALSE,4,NA,3,NA,NA,NA,"yes but the amount of images shown could be lowered to prevent students from losing focus ",2,"A few times per week",6,3,4,6,4,5,4,5,5,4,6,6,4,5,5,-98,65,71,-61,44,-99,-76,-100,4,4,5,3,3,4,5,5,5,4,4,5,5,1,2,3,5,5,3,1,4,0.777777777777778
"S033",2025-09-29 13:22:40,32.33575,"safari 17.0.0","false","Mac OS",1470,920,"Female",41,"Heterosexual","White",FALSE,FALSE,TRUE,FALSE,FALSE,FALSE,FALSE,NA,NA,1,NA,NA,NA,NA,3,"A few times per week",5,1,2,6,5,3,6,6,2,5,2,6,5,6,5,-100,83,88,-30,-12,33,34,-24,1,4,3,4,2,2,5,3,5,4,4,3,4,1,5,4,2,4,3,2,4,0.666666666666667
"S034",2025-09-29 13:22:42,21.66185,"chrome 140.0.0","false","Windows 10",1536,864,"Male",21,"Heterosexual","White",FALSE,TRUE,FALSE,TRUE,FALSE,FALSE,FALSE,NA,NA,3,NA,NA,NA,NA,2,"A few times per month",0,4,2,5,2,2,6,4,2,3,0,6,5,6,5,-100,100,-100,100,-100,18,100,-100,1,3,4,1,1,2,1,3,4,5,2,3,4,1,5,1,4,4,5,5,1,0.888888888888889
"S082",2025-09-30 16:14:49,20.0152666666667,"chrome 140.0.0","false","Windows 10",1536,864,"Woman",20,"Homosexual","White",FALSE,TRUE,TRUE,TRUE,FALSE,FALSE,FALSE,NA,NA,3,NA,NA,NA,NA,4,"A few times per month",3,4,1,6,3,5,6,6,2,2,0,6,5,3,4,-61,49,54,33,-62,20,-49,15,2,2,4,3,2,4,2,3,5,4,4,4,2,1,3,2,2,3,3,2,3,0.888888888888889
"S057",2025-09-30 09:23:43,27.9099833333333,"chrome 139.0.0","false","Windows 10",1920,1080,"Woman",19,"Heterosexual","White",FALSE,TRUE,FALSE,TRUE,FALSE,FALSE,FALSE,NA,NA,1,NA,NA,NA,NA,2,"A few times per month",4,3,2,4,4,2,3,5,4,6,3,6,3,5,6,-57,75,85,-66,-53,-69,-58,-60,2,2,3,3,3,1,2,2,4,4,2,5,3,1,2,1,5,5,2,1,4,0.555555555555556
"S083",2025-09-30 16:14:51,22.5402333333333,"chrome 140.0.0","false","Windows 10",1536,864,"Woman",22,"Homosexual","White",FALSE,FALSE,FALSE,TRUE,TRUE,FALSE,TRUE,NA,3,NA,NA,NA,NA,NA,2,"Never",5,1,1,6,2,4,4,6,2,3,3,1,5,5,5,10,-19,56,9,31,8,-83,-63,5,3,5,2,3,3,2,3,5,4,4,5,4,3,5,4,2,2,1,1,4,0.555555555555556
"S013",2025-09-29 13:19:16,24.7020833333333,"crios 140.0.7339","true","iOS",1080,770,"Female",19,"Bisexual","South Asian",FALSE,TRUE,FALSE,TRUE,FALSE,FALSE,FALSE,NA,NA,3,NA,NA,NA,NA,2,"A few times per month",2,5,3,5,5,5,6,6,0,5,0,6,2,4,5,-98,40,90,100,50,-100,46,-80,1,1,3,5,1,2,1,3,5,3,5,4,5,1,4,2,1,5,1,1,1,1
"S073",2025-09-30 16:14:30,16.9922666666667,"firefox 144.0.0","false","Windows 10",1600,900,"Non-binary",22,"Queer","White",FALSE,FALSE,FALSE,TRUE,FALSE,FALSE,FALSE,NA,NA,4,NA,NA,NA,NA,4,"Never",4,3,2,6,1,1,5,6,5,5,0,6,4,6,5,-89,100,52,26,0,-35,50,-100,4,4,5,2,1,3,3,4,5,4,4,2,4,1,5,3,4,3,1,2,5,0.888888888888889
"S051",2025-09-30 09:22:34,30.5351166666667,"chrome 140.0.0","false","Mac OS",1440,900,"Woman",21,"Heterosexual","White",FALSE,FALSE,FALSE,TRUE,FALSE,FALSE,FALSE,NA,NA,4,NA,NA,NA,NA,3,"Once a day",2,4,1,5,1,4,6,5,4,4,0,6,3,4,4,12,-49,26,42,33,10,-34,-26,2,3,5,1,3,3,2,2,4,4,2,4,4,1,4,2,4,3,2,2,2,0.555555555555556
"S040",2025-09-29 13:23:43,18.09865,"chrome 140.0.0","false","Windows 10",1536,960,"Female",21,"Bisexual","portuguese",FALSE,FALSE,TRUE,FALSE,FALSE,FALSE,FALSE,NA,NA,NA,NA,NA,NA,NA,1,"A few times per month",4,3,2,6,0,3,6,6,4,5,0,6,3,6,4,-100,0,0,0,13,-54,-18,0,1,1,5,1,1,1,1,1,1,1,2,1,1,1,1,1,1,1,1,1,1,0.666666666666667
"S046",2025-09-29 13:27:43,24.39775,"chrome 139.0.0","false","Windows 10",1536,864,"Female",20,"Homosexual","White",FALSE,FALSE,FALSE,TRUE,FALSE,FALSE,TRUE,NA,3,3,NA,NA,NA,NA,2,"Never",0,3,0,5,1,4,6,5,4,6,0,6,0,5,5,-100,26,56,10,78,-78,-59,-100,2,3,3,3,3,3,1,4,4,4,2,4,3,1,4,2,1,4,2,1,3,1
"S088",2025-09-30 16:15:03,38.50275,"edge-chromium 140.0.0","false","Windows 10",1280,720,"Woman",21,"Heterosexual","Black",FALSE,FALSE,TRUE,FALSE,FALSE,FALSE,FALSE,NA,NA,3,NA,NA,NA,NA,0,"A few times per month",1,3,3,3,3,3,3,3,3,3,3,6,1,3,2,-32,17,40,23,2,-2,-3,-36,2,2,4,2,2,2,2,2,2,2,2,4,4,1,4,2,4,4,2,1,3,0.888888888888889
"S100",2025-09-30 16:16:08,33.7153333333333,"safari 18.6.0","false","Mac OS",1710,1069,"Woman",19,"Heterosexual","White",FALSE,TRUE,FALSE,TRUE,FALSE,FALSE,FALSE,NA,NA,3,NA,NA,NA,NA,3,"A few times per month",4,3,4,6,4,2,6,4,3,4,3,6,5,4,3,-40,27,18,15,-29,-43,10,-42,3,3,3,4,4,4,4,4,4,4,4,4,4,4,3,3,5,3,4,5,4,0.777777777777778
"S030",2025-09-29 13:21:16,22.9043833333333,"edge-chromium 140.0.0","false","Windows 10",1280,720,"Female",21,"Heterosexual","White",FALSE,FALSE,TRUE,FALSE,FALSE,TRUE,FALSE,3,NA,3,NA,NA,NA,NA,1,"A few times per month",3,4,1,3,1,4,4,4,3,4,1,6,3,3,3,-100,-57,70,5,25,-29,35,-100,4,3,5,3,5,4,3,2,4,3,4,4,4,1,4,3,2,3,2,3,4,0.555555555555556
"S056",2025-09-30 09:23:39,24.3011333333333,"chrome 135.0.0","false","Windows 10",1536,864,"Woman",19,"Heterosexual","White",FALSE,FALSE,TRUE,TRUE,FALSE,TRUE,FALSE,3,NA,3,NA,NA,NA,NA,5,"A few times per week",4,6,1,5,3,0,2,4,3,6,1,6,0,6,4,-93,95,65,71,76,-71,77,-96,5,5,4,2,5,5,5,3,2,3,5,3,2,1,1,5,2,2,5,5,2,0.777777777777778
"S038",2025-09-29 13:23:14,23.7267333333333,"chrome 140.0.0","false","Windows 10",1280,720,"Male",20,"Bisexual","White",FALSE,FALSE,TRUE,FALSE,FALSE,FALSE,FALSE,NA,NA,1,NA,NA,NA,"Some of the images didn't show up for me - if that was the case I rated all the sliders on the 0 scale. ",4,"Never",0,6,1,6,3,3,6,6,1,4,0,6,2,5,1,-100,30,100,0,60,-60,40,-100,1,1,3,2,3,2,1,1,1,2,2,1,2,1,1,1,1,1,1,1,1,0.666666666666667
"S121",2025-09-30 18:20:03,16.0264333333333,"chrome 140.0.0","false","Windows 10",1280,720,"Woman",19,"Bisexual","White",FALSE,TRUE,TRUE,FALSE,FALSE,TRUE,FALSE,1,NA,NA,NA,NA,NA,NA,1,"A few times per month",3,4,1,4,4,4,6,5,2,5,1,6,1,2,3,-78,20,36,-23,51,-26,-17,-48,3,2,5,4,3,3,2,2,5,4,4,4,4,1,4,2,4,4,2,2,2,0.777777777777778
"S084",2025-09-30 16:14:51,24.8377833333333,"chrome 140.0.0","false","Windows 10",1920,1080,"Woman",19,"Heterosexual","White",FALSE,TRUE,FALSE,TRUE,FALSE,FALSE,FALSE,NA,NA,4,NA,NA,NA,NA,2,"A few times per month",4,1,0,5,1,4,6,6,4,6,0,6,5,5,5,-77,-45,-26,42,38,45,-22,69,2,2,4,4,2,2,1,2,1,4,5,4,4,1,3,4,4,3,1,1,1,0.777777777777778
"S096",2025-09-30 16:15:27,17.54285,"edge-chromium 140.0.0","false","Windows 10",1536,1024,"Woman",21,"Heterosexual","White",FALSE,TRUE,FALSE,FALSE,FALSE,FALSE,FALSE,NA,NA,2,NA,NA,NA,NA,3,"A few times per month",3,4,4,4,3,2,2,4,3,4,4,6,4,5,6,-32,-8,50,26,14,29,-41,59,3,3,4,3,3,4,3,4,2,4,4,4,4,1,3,3,2,4,4,2,3,0.666666666666667
"S087",2025-09-30 16:15:00,36.9033,"chrome 140.0.0","false","Windows 10",1280,800,"Woman",19,"Bisexual","Black",FALSE,TRUE,FALSE,TRUE,FALSE,FALSE,FALSE,NA,NA,3,NA,NA,NA,NA,4,"Never",4,4,2,5,2,5,6,4,2,4,0,6,4,4,3,-38,70,67,23,-35,-35,54,-50,2,4,4,3,3,2,2,3,3,4,4,4,2,2,3,2,1,4,2,2,4,1
"S080",2025-09-30 16:14:46,20.5330666666667,"safari 18.5.0","false","Mac OS",1440,900,"Woman",20,"Bisexual","White",FALSE,FALSE,FALSE,TRUE,FALSE,FALSE,FALSE,NA,NA,3,NA,NA,NA,NA,4,"Never",4,4,1,6,0,5,6,6,2,6,0,6,1,3,3,-72,24,23,12,41,-75,-75,-41,4,2,3,3,2,5,3,3,3,4,3,4,3,1,2,4,1,1,2,2,3,1
"S118",2025-09-30 18:19:04,21.9334666666667,"safari 18.6.0","false","Mac OS",1710,1069,"Woman",19,"Bisexual","White",FALSE,TRUE,FALSE,FALSE,FALSE,FALSE,FALSE,NA,NA,2,NA,NA,NA,NA,2,"A few times per month",4,5,1,5,3,1,5,4,4,3,2,6,4,6,3,-68,38,65,44,11,15,-67,-47,3,3,2,2,2,3,3,2,4,5,4,5,4,1,3,2,3,4,2,1,5,0.888888888888889
"S024",2025-09-29 13:20:25,20.3383166666667,"chrome 138.0.0","false","Mac OS",1920,1201,"Female",19,"Heterosexual","White",FALSE,TRUE,FALSE,TRUE,TRUE,FALSE,FALSE,NA,NA,3,NA,NA,NA,NA,3,"A few times per month",4,4,3,6,2,1,6,6,4,6,0,6,0,5,5,-56,-65,-63,65,-64,-56,27,-85,3,5,5,3,3,3,5,4,5,2,3,5,4,1,2,4,3,4,5,5,4,1
"S036",2025-09-29 13:22:55,26.4292833333333,"edge-chromium 139.0.0","false","Windows 10",1280,720,"Female",20,"Bisexual","White",FALSE,TRUE,FALSE,TRUE,FALSE,FALSE,FALSE,NA,NA,3,NA,NA,NA,NA,3,"A few times per week",4,2,1,4,2,4,6,5,2,2,1,6,4,4,4,-87,32,42,-10,18,14,11,-82,1,2,5,4,1,1,1,1,5,1,1,4,5,1,2,1,1,4,1,1,2,0.666666666666667
"S115",2025-09-30 18:18:16,18.9770333333333,"safari 18.1.1","false","Mac OS",1470,920,"Woman",19,"Heterosexual","White",FALSE,TRUE,FALSE,TRUE,FALSE,FALSE,FALSE,NA,NA,4,NA,NA,NA,NA,4,"A few times per week",0,6,3,6,1,4,6,5,0,6,6,6,5,6,6,-29,-17,100,76,-100,100,32,69,3,2,1,2,4,2,1,1,5,5,3,5,4,1,5,2,1,5,1,1,2,1
"S028",2025-09-29 13:21:02,19.3927833333333,"chrome 135.0.0","false","Mac OS",1440,900,"Female",23,"Bisexual","White",FALSE,FALSE,TRUE,FALSE,FALSE,FALSE,FALSE,NA,NA,1,NA,NA,NA,NA,4,"A few times per week",2,2,0,6,4,2,6,6,4,2,2,6,6,3,4,-97,57,-46,20,-53,-20,16,-97,1,1,2,3,1,1,1,1,1,4,4,4,3,1,1,2,2,3,1,1,3,0.777777777777778
"S022",2025-09-29 13:20:19,29.9592166666667,"chrome 140.0.0","false","Mac OS",1470,920,"Female",19,"Heterosexual","Mixed",FALSE,TRUE,FALSE,TRUE,FALSE,FALSE,FALSE,NA,NA,3,NA,NA,NA,NA,2,"A few times per month",1,4,2,5,3,3,3,4,1,4,3,6,2,5,3,43,-48,30,20,-32,-28,-7,24,2,3,3,2,1,3,1,1,5,5,4,4,3,1,3,2,1,2,1,1,3,0.888888888888889
"S019",2025-09-29 13:19:54,22.8376166666667,"chrome 113.0.0","false","Chrome OS",1707,960,"Female",19,"Heterosexual","White",FALSE,FALSE,TRUE,FALSE,FALSE,FALSE,TRUE,NA,2,NA,NA,NA,NA,NA,3,"A few times per month",5,4,1,6,2,3,6,6,4,4,0,6,1,5,3,-90,50,85,-20,15,-5,-20,-80,2,2,2,3,2,3,2,2,5,4,3,5,4,1,4,1,2,4,2,1,4,0.666666666666667
"S021",2025-09-29 13:20:03,21.5404833333333,"chrome 139.0.0","false","Windows 10",1920,1080,"Male",21,"Heterosexual","White",FALSE,TRUE,FALSE,TRUE,FALSE,FALSE,FALSE,NA,NA,3,NA,NA,NA,NA,4,"A few times per week",1,5,5,4,4,4,5,5,5,5,3,6,2,4,6,-79,52,16,49,-76,44,29,-24,2,2,4,3,2,3,3,3,5,5,5,3,5,1,5,3,5,4,2,1,4,0.444444444444444
"S078",2025-09-30 16:14:40,25.9703166666667,"chrome 140.0.0","false","Windows 10",1536,864,"Woman",20,"Bisexual","White",FALSE,FALSE,TRUE,TRUE,FALSE,FALSE,FALSE,NA,NA,2,NA,NA,NA,NA,1,"A few times per month",2,4,3,5,2,3,6,6,4,2,1,6,3,5,2,-64,60,88,32,26,-40,50,-88,3,3,4,2,3,3,2,1,4,4,3,4,4,1,4,2,4,3,2,1,4,0.666666666666667
"S074",2025-09-30 16:14:33,23.3403333333333,"chrome 139.0.0","false","Windows 10",1920,1080,"Woman",20,"Bisexual","White",TRUE,FALSE,FALSE,TRUE,FALSE,FALSE,FALSE,NA,NA,2,NA,NA,NA,NA,3,"A few times per month",2,3,0,3,1,1,6,4,3,4,0,6,3,2,3,9,33,61,-66,-67,-38,29,-30,3,3,5,3,3,3,4,4,4,2,5,4,4,4,4,2,1,3,2,3,2,0.888888888888889
"S105",2025-09-30 16:18:38,24.02765,"safari 16.1.0","false","Mac OS",1180,820,"Woman",20,"Heterosexual","White",FALSE,TRUE,FALSE,TRUE,FALSE,FALSE,FALSE,NA,NA,3,NA,NA,NA,NA,2,"A few times per week",4,2,2,4,5,1,5,5,5,3,4,6,1,6,5,-60,-1,-51,-82,21,60,-74,-100,3,3,4,4,3,4,2,3,4,4,4,5,5,1,3,4,1,4,2,2,3,1
"S003",2025-09-29 13:17:31,25.9078666666667,"safari 17.6.0","false","Mac OS",1470,920,"Female",19,"Heterosexual","White",FALSE,TRUE,FALSE,FALSE,FALSE,FALSE,FALSE,NA,NA,3,NA,NA,NA,NA,3,"A few times per month",3,3,3,4,3,2,5,4,5,3,2,6,4,4,4,-66,42,-52,-81,41,5,43,-19,2,3,4,2,3,2,3,2,5,5,3,5,5,1,2,1,4,4,2,2,4,0.888888888888889
"S077",2025-09-30 16:14:38,31.21905,"chrome 139.0.0","false","Mac OS",1440,900,"Woman",21,"Heterosexual","White",FALSE,FALSE,TRUE,FALSE,FALSE,FALSE,FALSE,NA,NA,4,NA,NA,NA,NA,3,"A few times per month",3,2,4,5,4,2,1,6,2,4,5,6,2,6,5,-95,90,95,-60,-15,-90,50,-65,1,4,5,1,4,2,2,1,4,4,4,5,5,1,4,3,2,3,3,3,1,0.666666666666667
"S007",2025-09-29 13:19:05,26.25595,"chrome 139.0.0","false","Chrome OS",1920,1080,"Female",23,"Heterosexual","White",FALSE,FALSE,TRUE,FALSE,FALSE,TRUE,FALSE,1,NA,1,NA,NA,NA,NA,1,"A few times per month",1,4,3,5,1,5,6,6,3,4,1,6,1,1,3,-74,51,49,-67,-20,-73,30,10,3,1,4,1,1,3,1,1,5,2,3,2,4,1,4,3,2,3,1,1,2,0.777777777777778
"S026",2025-09-29 13:20:42,24.8225666666667,"safari 18.6.0","false","Mac OS",1280,800,"Female",24,"Heterosexual","White",FALSE,FALSE,FALSE,TRUE,FALSE,FALSE,FALSE,NA,NA,4,NA,NA,NA,NA,1,"A few times per day",0,3,3,1,6,1,4,4,3,6,0,6,4,3,4,-100,100,-15,-100,-50,-100,29,-56,1,2,1,1,2,3,1,1,3,4,1,5,4,1,2,3,5,3,1,1,3,0.888888888888889
"S076",2025-09-30 16:14:37,29.2553666666667,"chrome 139.0.0","false","Windows 10",1920,1080,"Woman",21,"Heterosexual","White",FALSE,TRUE,FALSE,FALSE,FALSE,FALSE,FALSE,NA,NA,NA,NA,NA,NA,NA,1,"A few times per week",2,4,3,5,5,3,6,5,4,5,2,6,3,5,4,-50,60,-35,-45,20,-30,40,-50,3,2,4,3,2,3,2,2,4,4,4,5,4,1,5,3,4,3,3,1,5,1
"S108",2025-09-30 16:24:24,22.463,"edge-chromium 140.0.0","false","Windows 10",1536,864,"Woman",19,"Bisexual","White",FALSE,TRUE,FALSE,TRUE,FALSE,FALSE,FALSE,NA,NA,2,NA,NA,NA,NA,2,"A few times per month",0,4,0,4,1,1,6,5,2,3,0,6,3,6,6,51,-26,-16,20,-34,-12,11,54,3,3,4,3,4,3,2,2,4,4,2,4,3,1,4,4,1,1,3,2,5,1
"S031",2025-09-29 13:22:04,20.25755,"safari 17.6.0","false","Mac OS",1710,1070,"Female",37,"Homosexual","Mixed",FALSE,FALSE,TRUE,FALSE,FALSE,FALSE,FALSE,NA,NA,4,NA,NA,NA,NA,2,"A few times per month",3,1,1,6,1,0,3,6,4,3,3,6,3,6,6,-100,-100,-100,100,-71,41,100,100,4,2,4,2,3,4,3,3,2,3,4,4,4,1,3,2,4,4,3,3,3,0.888888888888889
"S112",2025-09-30 18:03:09,37.1147833333333,"chrome 124.0.0","false","Windows 10",1536,864,"Man",19,"Heterosexual","White",FALSE,TRUE,FALSE,TRUE,FALSE,FALSE,FALSE,NA,NA,2,NA,NA,NA,NA,2,"A few times per month",2,4,2,5,3,4,6,6,2,5,0,0,2,3,3,-71,25,70,0,10,-80,65,-90,1,1,5,3,1,4,1,2,1,4,3,4,4,1,5,1,4,4,1,1,5,1
"S092",2025-09-30 16:15:07,27.2739166666667,"firefox 143.0.0","false","Windows 10",1920,1080,"Woman",20,"Bisexual","White",FALSE,TRUE,FALSE,TRUE,FALSE,FALSE,FALSE,NA,NA,4,NA,NA,NA,"I feel like the labels ""fake news"" and ""real news"" should be switched to real and fake headline because they could be real headlines but fake news and that is confusing. ",3,"A few times per month",4,5,3,5,3,2,6,6,4,4,0,6,2,4,4,-90,90,90,-80,30,10,-80,-10,2,2,5,4,4,4,1,2,3,4,2,2,2,1,3,1,1,4,2,2,4,1
